Data,Hora,Localização,TipoGeométrico,NomePonto,Eixo,Nominal,Medido,Desvio,Tol+,Tol-
06/05/2026,22:08:09,LOC23,CÍRCULO,28359,Y,830.08,828.54,-1.54,0.5,-0.5
06/05/2026,22:08:09,LOC23,CÍRCULO,28359,Z,273.81,274.27,0.46,0.5,-0.5
06/05/2026,22:08:09,LOC62,CÍRCULO,28354,Y,821.91,823.32,1.41,0.5,-0.5
06/05/2026,22:08:09,LOC62,CÍRCULO,28354,Z,648.15,647.89,-0.26,0.5,-0.5
06/05/2026,22:08:09,LOC63,CÍRCULO,CÍR5,X,1575.12,1574.48,-0.64,0.5,-0.5
06/05/2026,22:08:09,LOC63,CÍRCULO,CÍR5,Y,778.0,777.06,-0.95,0.5,-0.5
06/05/2026,22:08:09,LOC63,CÍRCULO,CÍR5,Z,405.75,405.92,0.17,0.5,-0.5
06/05/2026,22:08:09,LOC64,SLOT,SLTR1,X,1571.67,1571.14,-0.53,1.0,-1.0
06/05/2026,22:08:09,LOC64,SLOT,SLTR1,Y,778.96,777.73,-1.23,1.0,-1.0
06/05/2026,22:08:09,LOC64,SLOT,SLTR1,Z,361.9,362.05,0.15,1.0,-1.0
06/05/2026,22:08:09,LOC65,CÍRCULO,CÍR4,X,1637.22,1635.38,-1.84,1.0,-1.0
06/05/2026,22:08:09,LOC65,CÍRCULO,CÍR4,Y,745.94,745.99,0.06,1.0,-1.0
06/05/2026,22:08:09,LOC65,CÍRCULO,CÍR4,Z,579.71,580.07,0.35,1.0,-1.0
06/05/2026,22:08:09,LOC66,CÍRCULO,CÍR3,X,1622.23,1621.41,-0.82,1.0,-1.0
06/05/2026,22:08:09,LOC66,CÍRCULO,CÍR3,Y,750.37,749.49,-0.88,1.0,-1.0
06/05/2026,22:08:09,LOC66,CÍRCULO,CÍR3,Z,427.84,427.79,-0.04,1.0,-1.0
06/05/2026,22:08:09,LOC25,SLOT,SLTQ1,X,1607.11,1605.9,-1.2,1.0,-1.0
06/05/2026,22:08:09,LOC25,SLOT,SLTQ1,Y,770.84,770.51,-0.34,1.0,-1.0
06/05/2026,22:08:09,LOC25,SLOT,SLTQ1,Z,496.72,496.89,0.17,1.0,-1.0
06/05/2026,22:08:09,DIST1,DIST,28354 → 28359,M,8.17,5.21,-2.96,0.8,-0.8
06/05/2026,22:08:09,DIST2,DIST,28359 → 28354,M,374.34,373.62,-0.72,0.8,-0.8
06/05/2026,22:08:09,LOC67,PONTO,PNT15,T,0.0,0.0,0.0,0.5,-0.5
06/05/2026,22:08:09,LOC68,PONTO,PNT16,T,0.0,-0.29,-0.29,0.5,-0.5
06/05/2026,22:08:09,LOC69,PONTO,PNT17,T,0.0,0.17,0.17,0.5,-0.5
06/05/2026,22:08:09,LOC70,PONTO,PNT18,T,0.0,-0.06,-0.06,0.5,-0.5
06/05/2026,22:08:09,LOC71,PONTO,PNT19,T,0.0,-0.4,-0.4,0.5,-0.5
06/05/2026,22:08:09,LOC72,PONTO,PNT20,T,0.0,-0.15,-0.15,0.5,-0.5
06/05/2026,22:08:09,LOC73,PONTO,PNT21,T,0.0,0.05,0.05,0.5,-0.5
06/05/2026,22:08:09,LOC74,PONTO,PNT22,T,0.0,0.7,0.7,0.5,-0.5
06/05/2026,22:08:09,LOC75,PONTO,PNT23,T,0.0,0.09,0.09,0.5,-0.5
06/05/2026,22:08:09,LOC76,PONTO,PNT24,T,0.0,0.16,0.16,0.5,-0.5
06/05/2026,22:08:09,LOC77,PONTO,PNT25,T,0.0,0.12,0.12,0.5,-0.5
06/05/2026,22:08:09,LOC78,PONTO,PNT26,T,0.0,-0.02,-0.02,0.5,-0.5
06/05/2026,22:08:09,LOC79,PONTO,PNT27,T,0.0,-1.01,-1.01,0.5,-0.5
06/05/2026,22:08:09,LOC80,PONTO,PNT28,T,0.0,-0.72,-0.72,0.5,-0.5
06/05/2026,22:08:09,LOC81,PONTO,PNT29,T,0.0,-0.73,-0.73,0.5,-0.5
06/05/2026,22:08:09,LOC82,PONTO,PNT30,T,0.0,-0.35,-0.35,0.5,-0.5
06/05/2026,22:08:09,LOC83,PONTO,PNT31,T,0.0,-0.86,-0.86,0.5,-0.5
06/05/2026,22:08:09,LOC84,PONTO,PNT32,T,0.0,-0.09,-0.09,0.5,-0.5
06/05/2026,22:08:09,LOC85,PONTO,PNT33,T,0.0,-0.15,-0.15,0.5,-0.5
06/05/2026,22:08:09,LOC86,PONTO,PNT34,T,0.0,-0.02,-0.02,0.5,-0.5
06/05/2026,22:08:09,LOC87,PONTO,PNT35,T,0.0,0.23,0.23,0.5,-0.5
06/05/2026,22:08:09,LOC88,PONTO,PNT36,T,0.0,0.06,0.06,0.5,-0.5
06/05/2026,22:08:09,LOC89,PONTO,PNT37,T,0.0,0.04,0.04,0.5,-0.5
06/05/2026,22:08:09,LOC90,PONTO,PNT38,T,0.0,0.29,0.29,0.5,-0.5
06/05/2026,22:08:09,LOC91,PONTO,PNT39,T,0.0,-0.24,-0.24,0.5,-0.5
06/05/2026,22:08:09,LOC92,PONTO,PNT40,T,0.0,0.71,0.71,0.5,-0.5
06/05/2026,22:08:09,LOC93,PONTO,PNT41,T,0.0,0.05,0.05,0.5,-0.5
06/05/2026,22:08:09,LOC94,PONTO,PNT42,T,0.0,-0.36,-0.36,0.5,-0.5
06/05/2026,22:08:09,LOC95,PONTO,PNT43,T,0.0,-0.03,-0.03,0.5,-0.5
06/05/2026,22:08:09,LOC96,PONTO,PNT44,T,0.0,1.27,1.27,0.5,-0.5
06/05/2026,22:08:09,LOC97,PONTO,PNT45,T,0.0,0.26,0.26,0.5,-0.5
06/05/2026,22:08:09,LOC98,PONTO,PNT46,T,0.0,0.25,0.25,0.5,-0.5
06/05/2026,22:08:09,LOC99,PONTO,PNT47,T,0.0,-0.35,-0.35,0.5,-0.5
06/05/2026,22:08:09,LOC100,PONTO,PNT48,T,0.0,0.14,0.14,0.5,-0.5
06/05/2026,22:08:09,LOC101,PONTO,PNT49,T,0.0,-0.92,-0.92,0.5,-0.5
06/05/2026,22:08:09,LOC102,PONTO,PNT51,T,0.0,-1.22,-1.22,0.5,-0.5
06/05/2026,22:08:09,LOC103,PONTO,PNT52,T,0.0,-0.74,-0.74,0.5,-0.5
06/05/2026,22:08:09,LOC104,PONTO,PNT53,T,0.0,-1.41,-1.41,0.5,-0.5
06/05/2026,22:08:09,LOC105,PONTO,PNT54,T,0.0,-1.07,-1.07,0.5,-0.5
06/05/2026,22:08:09,LOC106,PONTO,PNT55,T,0.0,-1.32,-1.32,0.5,-0.5
06/05/2026,22:08:09,LOC107,PONTO,PNT56,T,0.0,-1.21,-1.21,0.5,-0.5
06/05/2026,22:08:09,LOC108,PONTO,PNT57,T,0.0,-1.82,-1.82,0.5,-0.5
06/05/2026,22:08:09,LOC109,PONTO,PNT58,T,0.0,-0.21,-0.21,0.5,-0.5
06/05/2026,22:08:09,LOC110,PONTO,PNT59,T,0.0,-0.06,-0.06,0.5,-0.5
06/05/2026,22:08:09,LOC111,PONTO,PNT60,T,0.0,0.06,0.06,0.5,-0.5
06/05/2026,22:08:09,LOC112,PONTO,PNT9 BORDA,T,0.0,0.79,0.79,0.5,-0.5
06/05/2026,22:08:09,LOC113,PONTO,PNT8 BORDA,T,0.0,0.25,0.25,0.5,-0.5
06/05/2026,22:08:09,LOC114,PONTO,PNT7 BORDA,T,0.0,-0.35,-0.35,0.5,-0.5
06/05/2026,22:08:09,LOC115,PONTO,PNT6 BORDA,T,0.0,-0.67,-0.67,0.5,-0.5
06/05/2026,22:08:09,LOC116,PONTO,PNT5 BORDA,T,0.0,-0.41,-0.41,0.5,-0.5
06/05/2026,22:08:09,LOC117,PONTO,PNT4 BORDA,T,0.0,-0.49,-0.49,0.5,-0.5
06/05/2026,22:08:09,LOC118,PONTO,PNT3 BORDA,T,0.0,-0.67,-0.67,0.5,-0.5
06/05/2026,22:08:09,LOC119,PONTO,PNT21 BORDA,T,0.0,-0.11,-0.11,0.5,-0.5
06/05/2026,22:08:09,LOC120,PONTO,PNT20 BORDA,T,0.0,-0.04,-0.04,0.5,-0.5
06/05/2026,22:08:09,LOC121,PONTO,PNT2 BORDA,T,0.0,-1.14,-1.14,0.5,-0.5
06/05/2026,22:08:09,LOC122,PONTO,PNT19 BORDA,T,0.0,-0.29,-0.29,0.5,-0.5
06/05/2026,22:08:09,LOC123,PONTO,PNT18 BORDA,T,0.0,-0.52,-0.52,0.5,-0.5
06/05/2026,22:08:09,LOC124,PONTO,PNT17 BORDA,T,0.0,-1.97,-1.97,0.5,-0.5
06/05/2026,22:08:09,LOC125,PONTO,PNT16 BORDA,T,0.0,0.18,0.18,0.5,-0.5
06/05/2026,22:08:09,LOC126,PONTO,PNT15 BPRDA,T,0.0,-1.22,-1.22,0.5,-0.5
06/05/2026,22:08:09,LOC127,PONTO,PNT14 BORDA,T,0.0,0.61,0.61,0.5,-0.5
06/05/2026,22:08:09,LOC128,PONTO,PNT13 BORDA,T,0.0,-0.67,-0.67,0.5,-0.5
06/05/2026,22:08:09,LOC129,PONTO,PNT12 BORDA,T,0.0,-0.56,-0.56,0.5,-0.5
06/05/2026,22:08:09,LOC130,PONTO,PNT11 BORDA,T,0.0,-0.46,-0.46,0.5,-0.5
06/05/2026,22:08:09,LOC131,PONTO,PNT10 BORDA,T,0.0,0.86,0.86,0.5,-0.5
06/05/2026,22:08:09,LOC132,PONTO,PNT1 BORDA,T,0.0,-2.5,-2.5,0.5,-0.5
